scenario,policy,seed,status,totalScore,swaps,rerolls,coinsEarned,coinsSpent,coinsEnding,bestWaveCount,shuffles,cappedResolutions
baseline,greedy,1,won,56051,40,0,53,50,3,4,0,0
baseline,greedy,2,lost,54349,40,0,53,50,3,3,0,0
baseline,greedy,3,lost,50195,41,0,53,50,3,3,0,0
baseline,greedy,4,lost,21061,31,0,41,38,3,3,0,0
baseline,greedy,5,lost,25075,27,0,41,41,0,2,0,0
baseline,greedy,6,lost,23049,32,0,41,41,0,2,0,0
baseline,greedy,7,lost,51787,39,0,55,46,9,2,0,0
baseline,greedy,8,lost,53718,55,0,49,46,3,4,0,0
baseline,greedy,9,lost,32400,35,0,47,42,5,4,0,0
baseline,greedy,10,won,58429,46,0,52,50,2,4,0,0
baseline,greedy,11,lost,25945,31,0,42,38,4,3,0,0
baseline,greedy,12,lost,52479,37,0,55,46,9,3,0,0
baseline,greedy,13,lost,38731,40,0,45,41,4,3,0,0
baseline,greedy,14,lost,15860,26,0,35,33,2,3,0,0
baseline,greedy,15,lost,38401,48,0,44,42,2,4,1,0
baseline,greedy,16,lost,25081,35,0,40,38,2,4,0,0
baseline,greedy,17,won,56143,44,0,55,46,9,3,0,0
baseline,greedy,18,lost,38023,32,0,48,46,2,3,0,0
baseline,greedy,19,lost,38717,39,0,47,42,5,4,0,0
baseline,greedy,20,lost,45110,53,0,52,46,6,4,0,0
baseline,greedy,21,won,56246,40,0,54,46,8,3,0,0
baseline,greedy,22,lost,23743,27,0,43,42,1,3,0,0
baseline,greedy,23,lost,46932,42,0,53,50,3,3,0,0
baseline,greedy,24,lost,35469,36,0,47,42,5,3,0,0
baseline,greedy,25,won,52393,47,0,52,46,6,2,0,0
baseline,greedy,26,lost,34584,39,0,46,42,4,3,0,0
baseline,greedy,27,lost,35555,36,0,46,42,4,3,0,0
baseline,greedy,28,lost,49185,34,0,57,46,11,3,0,0
baseline,greedy,29,lost,37180,43,0,45,42,3,3,0,0
baseline,greedy,30,lost,40741,31,0,49,46,3,2,0,0
baseline,builder,1,lost,989,16,0,6,5,1,3,1,0
baseline,builder,2,lost,13799,33,0,32,28,4,4,0,0
baseline,builder,3,lost,12596,25,0,36,28,8,4,0,0
baseline,builder,4,lost,14862,38,0,32,28,4,4,0,0
baseline,builder,5,lost,7490,25,0,26,24,2,3,0,0
baseline,builder,6,lost,19837,38,0,31,28,3,6,0,0
baseline,builder,7,lost,5866,22,0,19,19,0,5,0,0
baseline,builder,8,lost,4989,30,0,18,15,3,4,0,0
baseline,builder,9,lost,14586,35,0,33,28,5,4,0,0
baseline,builder,10,lost,5287,20,0,20,19,1,3,0,0
baseline,builder,11,lost,2731,15,0,15,15,0,3,0,0
baseline,builder,12,lost,2236,17,0,13,10,3,3,0,0
baseline,builder,13,lost,827,12,0,7,5,2,2,0,0
baseline,builder,14,lost,9067,17,0,31,24,7,3,0,0
baseline,builder,15,lost,8957,30,0,25,24,1,5,1,0
baseline,builder,16,lost,8321,29,0,26,24,2,3,0,0
baseline,builder,17,lost,10558,30,0,25,24,1,5,0,0
baseline,builder,18,lost,1722,19,0,13,10,3,2,0,0
baseline,builder,19,lost,9852,25,0,27,24,3,4,0,0
baseline,builder,20,lost,5698,17,0,22,20,2,3,0,0
baseline,builder,21,lost,8136,29,0,26,24,2,3,1,0
baseline,builder,22,lost,9188,22,0,28,24,4,3,0,0
baseline,builder,23,lost,13061,29,0,25,24,1,4,0,0
baseline,builder,24,lost,2092,12,0,16,15,1,3,0,0
baseline,builder,25,lost,18508,36,0,31,28,3,6,0,0
baseline,builder,26,lost,24781,36,0,39,32,7,6,0,0
baseline,builder,27,lost,8800,25,0,27,24,3,3,0,0
baseline,builder,28,lost,7667,32,0,26,24,2,4,0,0
baseline,builder,29,lost,12164,38,0,32,28,4,3,0,0
baseline,builder,30,lost,3898,29,0,18,15,3,2,0,0
baseline,specialist,1,lost,25542,28,0,41,30,11,3,0,0
baseline,specialist,2,lost,23456,23,0,44,30,14,3,0,0
baseline,specialist,3,lost,36143,31,0,49,34,15,3,0,0
baseline,specialist,4,lost,24519,24,0,43,30,13,3,0,0
baseline,specialist,5,lost,26439,25,0,42,30,12,3,0,0
baseline,specialist,6,lost,36750,37,0,46,34,12,2,0,0
baseline,specialist,7,lost,22389,24,0,43,30,13,2,0,0
baseline,specialist,8,lost,27012,25,0,42,30,12,4,0,0
baseline,specialist,9,lost,28805,24,0,43,30,13,4,0,0
baseline,specialist,10,lost,25054,26,0,42,30,12,3,0,0
baseline,specialist,11,lost,24397,21,0,45,30,15,3,0,0
baseline,specialist,12,lost,22007,21,0,45,30,15,3,0,0
baseline,specialist,13,lost,26530,26,0,42,30,12,2,0,0
baseline,specialist,14,lost,32368,34,0,48,34,14,2,0,0
baseline,specialist,15,lost,27052,31,0,41,30,11,4,1,0
baseline,specialist,16,lost,25378,25,0,43,30,13,2,0,0
baseline,specialist,17,lost,35554,36,0,47,34,13,3,0,0
baseline,specialist,18,lost,25385,28,0,42,30,12,2,0,0
baseline,specialist,19,lost,38463,35,0,47,34,13,4,0,0
baseline,specialist,20,lost,36155,35,0,49,34,15,3,0,0
baseline,specialist,21,lost,27103,24,0,43,30,13,3,0,0
baseline,specialist,22,lost,35904,33,0,49,34,15,3,0,0
baseline,specialist,23,lost,26251,23,0,43,30,13,2,0,0
baseline,specialist,24,lost,26316,25,0,43,30,13,3,0,0
baseline,specialist,25,lost,31761,34,0,49,34,15,2,0,0
baseline,specialist,26,lost,37721,34,0,47,34,13,2,0,0
baseline,specialist,27,lost,29773,24,0,43,30,13,3,0,0
baseline,specialist,28,lost,25494,22,0,45,30,15,3,0,0
baseline,specialist,29,lost,35764,35,0,48,34,14,3,0,0
baseline,specialist,30,lost,28762,29,0,41,30,11,2,0,0
no-upgrades,greedy,1,lost,46822,47,0,51,50,1,3,0,0
no-upgrades,greedy,2,lost,47513,39,0,54,50,4,3,0,0
no-upgrades,greedy,3,lost,39201,30,0,49,45,4,3,0,0
no-upgrades,greedy,4,lost,47347,44,0,53,50,3,3,0,0
no-upgrades,greedy,5,lost,45350,46,0,51,50,1,2,0,0
no-upgrades,greedy,6,lost,44677,39,0,55,50,5,3,0,0
no-upgrades,greedy,7,lost,44311,37,0,56,50,6,2,0,0
no-upgrades,greedy,8,lost,49789,48,0,51,50,1,4,0,0
no-upgrades,greedy,9,lost,48874,39,0,54,50,4,4,0,0
no-upgrades,greedy,10,lost,48990,43,0,52,50,2,3,0,0
no-upgrades,greedy,11,lost,51087,38,0,56,50,6,3,0,0
no-upgrades,greedy,12,lost,47216,35,0,56,50,6,3,0,0
no-upgrades,greedy,13,lost,47010,38,0,53,50,3,3,0,0
no-upgrades,greedy,14,lost,47866,40,0,55,50,5,3,0,0
no-upgrades,greedy,15,lost,52250,49,0,52,50,2,4,1,0
no-upgrades,greedy,16,lost,44300,43,0,53,50,3,2,0,0
no-upgrades,greedy,17,lost,46344,37,0,56,50,6,3,0,0
no-upgrades,greedy,18,lost,50863,45,0,51,50,1,3,0,0
no-upgrades,greedy,19,lost,47024,37,0,55,50,5,4,0,0
no-upgrades,greedy,20,lost,46138,43,0,54,50,4,4,0,0
no-upgrades,greedy,21,lost,43722,40,0,55,50,5,3,0,0
no-upgrades,greedy,22,lost,47502,44,0,53,50,3,3,0,0
no-upgrades,greedy,23,lost,47720,39,0,53,50,3,2,0,0
no-upgrades,greedy,24,lost,47748,38,0,54,50,4,3,0,0
no-upgrades,greedy,25,lost,47299,40,0,54,50,4,2,0,0
no-upgrades,greedy,26,lost,48736,42,0,54,50,4,3,0,0
no-upgrades,greedy,27,lost,45724,40,0,53,50,3,3,0,0
no-upgrades,greedy,28,lost,46473,37,0,55,50,5,3,0,0
no-upgrades,greedy,29,lost,49636,42,0,53,50,3,3,0,0
no-upgrades,greedy,30,lost,50300,40,0,54,50,4,2,0,0
no-upgrades,builder,1,lost,989,16,0,6,5,1,3,1,0
no-upgrades,builder,2,lost,54038,55,0,48,45,3,3,0,0
no-upgrades,builder,3,lost,14952,27,0,35,30,5,4,0,0
no-upgrades,builder,4,lost,52975,57,0,49,45,4,3,0,0
no-upgrades,builder,5,lost,15266,20,0,28,25,3,7,0,0
no-upgrades,builder,6,lost,5614,16,0,14,10,4,6,0,0
no-upgrades,builder,7,lost,4778,22,0,19,15,4,5,1,0
no-upgrades,builder,8,lost,4989,30,0,18,15,3,4,0,0
no-upgrades,builder,9,lost,52840,51,0,52,45,7,4,0,0
no-upgrades,builder,10,won,53479,50,0,50,45,5,3,0,0
no-upgrades,builder,11,lost,2731,15,0,15,15,0,3,0,0
no-upgrades,builder,12,lost,2236,17,0,13,10,3,3,0,0
no-upgrades,builder,13,lost,827,12,0,7,5,2,2,0,0
no-upgrades,builder,14,lost,53796,38,0,56,45,11,3,0,0
no-upgrades,builder,15,lost,14917,36,0,31,30,1,5,1,0
no-upgrades,builder,16,lost,66029,51,0,51,45,6,9,0,0
no-upgrades,builder,17,lost,5238,25,0,19,15,4,5,0,0
no-upgrades,builder,18,lost,1722,19,0,13,10,3,2,0,0
no-upgrades,builder,19,lost,4678,24,0,19,15,4,4,0,0
no-upgrades,builder,20,lost,5698,17,0,22,20,2,3,0,0
no-upgrades,builder,21,lost,50842,56,0,49,45,4,3,1,0
no-upgrades,builder,22,lost,53402,45,0,52,45,7,3,0,0
no-upgrades,builder,23,won,52713,52,0,49,45,4,3,0,0
no-upgrades,builder,24,lost,2092,12,0,16,15,1,3,0,0
no-upgrades,builder,25,lost,18516,38,0,31,30,1,6,0,0
no-upgrades,builder,26,lost,50579,48,0,52,45,7,4,0,0
no-upgrades,builder,27,lost,51186,53,0,50,45,5,3,0,0
no-upgrades,builder,28,lost,5809,24,0,20,20,0,4,0,0
no-upgrades,builder,29,lost,47828,50,0,52,45,7,4,0,0
no-upgrades,builder,30,lost,3898,29,0,18,15,3,2,0,0
no-upgrades,specialist,1,lost,25542,28,0,41,30,11,3,0,0
no-upgrades,specialist,2,lost,23456,23,0,44,30,14,3,0,0
no-upgrades,specialist,3,lost,34727,31,0,49,30,19,3,0,0
no-upgrades,specialist,4,lost,24519,24,0,43,30,13,3,0,0
no-upgrades,specialist,5,lost,26439,25,0,42,30,12,3,0,0
no-upgrades,specialist,6,lost,35422,37,0,46,30,16,2,0,0
no-upgrades,specialist,7,lost,22389,24,0,43,30,13,2,0,0
no-upgrades,specialist,8,lost,27012,25,0,42,30,12,4,0,0
no-upgrades,specialist,9,lost,28805,24,0,43,30,13,4,0,0
no-upgrades,specialist,10,lost,25054,26,0,42,30,12,3,0,0
no-upgrades,specialist,11,lost,24397,21,0,45,30,15,3,0,0
no-upgrades,specialist,12,lost,22007,21,0,45,30,15,3,0,0
no-upgrades,specialist,13,lost,26530,26,0,42,30,12,2,0,0
no-upgrades,specialist,14,lost,33600,34,0,48,30,18,2,0,0
no-upgrades,specialist,15,lost,27052,31,0,41,30,11,4,1,0
no-upgrades,specialist,16,lost,25378,25,0,43,30,13,2,0,0
no-upgrades,specialist,17,lost,36208,36,0,47,30,17,3,0,0
no-upgrades,specialist,18,lost,25385,28,0,42,30,12,2,0,0
no-upgrades,specialist,19,lost,36573,35,0,47,30,17,4,0,0
no-upgrades,specialist,20,lost,35827,35,0,49,30,19,3,0,0
no-upgrades,specialist,21,lost,27103,24,0,43,30,13,3,0,0
no-upgrades,specialist,22,lost,35868,33,0,49,30,19,3,0,0
no-upgrades,specialist,23,lost,26251,23,0,43,30,13,2,0,0
no-upgrades,specialist,24,lost,26316,25,0,43,30,13,3,0,0
no-upgrades,specialist,25,lost,33163,34,0,49,30,19,2,0,0
no-upgrades,specialist,26,lost,33134,34,0,47,30,17,2,0,0
no-upgrades,specialist,27,lost,29773,24,0,43,30,13,3,0,0
no-upgrades,specialist,28,lost,25494,22,0,45,30,15,3,0,0
no-upgrades,specialist,29,lost,33480,35,0,48,30,18,3,0,0
no-upgrades,specialist,30,lost,28762,29,0,41,30,11,2,0,0
no-trinkets,greedy,1,lost,33426,45,0,45,30,15,3,0,0
no-trinkets,greedy,2,won,54207,36,0,55,34,21,3,0,0
no-trinkets,greedy,3,lost,33195,39,0,47,30,17,3,0,0
no-trinkets,greedy,4,won,56387,43,0,52,34,18,3,0,0
no-trinkets,greedy,5,lost,46305,45,0,52,34,18,2,0,0
no-trinkets,greedy,6,lost,36526,35,0,47,30,17,3,0,0
no-trinkets,greedy,7,lost,36763,37,0,47,30,17,3,0,0
no-trinkets,greedy,8,lost,26760,38,0,39,26,13,4,0,0
no-trinkets,greedy,9,won,55294,39,0,54,34,20,4,0,0
no-trinkets,greedy,10,lost,23143,33,0,40,26,14,3,0,0
no-trinkets,greedy,11,lost,33762,40,0,46,30,16,3,0,0
no-trinkets,greedy,12,lost,51076,43,0,53,34,19,3,0,0
no-trinkets,greedy,13,lost,35901,34,0,48,30,18,3,0,0
no-trinkets,greedy,14,lost,31471,40,0,47,30,17,2,0,0
no-trinkets,greedy,15,won,55996,57,0,48,34,14,5,1,0
no-trinkets,greedy,16,won,60118,42,0,52,34,18,3,0,0
no-trinkets,greedy,17,lost,49171,45,0,53,34,19,3,0,0
no-trinkets,greedy,18,lost,57744,37,0,55,34,21,4,0,0
no-trinkets,greedy,19,won,56656,38,0,54,34,20,4,0,0
no-trinkets,greedy,20,lost,32645,35,0,48,30,18,3,0,0
no-trinkets,greedy,21,won,54014,35,0,56,34,22,4,0,0
no-trinkets,greedy,22,lost,14507,24,0,35,22,13,3,0,0
no-trinkets,greedy,23,lost,35282,44,0,44,30,14,2,0,0
no-trinkets,greedy,24,won,58400,32,0,58,34,24,3,0,0
no-trinkets,greedy,25,lost,50530,44,0,53,34,19,3,0,0
no-trinkets,greedy,26,lost,45815,37,0,55,34,21,3,0,0
no-trinkets,greedy,27,lost,33378,44,0,44,30,14,3,0,0
no-trinkets,greedy,28,won,56664,29,0,57,34,23,3,0,0
no-trinkets,greedy,29,lost,53684,40,0,54,34,20,3,0,0
no-trinkets,greedy,30,lost,53603,45,0,52,34,18,3,0,0
no-trinkets,builder,1,lost,1897,18,0,13,8,5,3,0,0
no-trinkets,builder,2,lost,2211,20,0,12,8,4,3,0,0
no-trinkets,builder,3,lost,4644,20,0,21,12,9,3,0,0
no-trinkets,builder,4,lost,13679,30,0,33,20,13,3,0,0
no-trinkets,builder,5,lost,9714,27,0,26,16,10,4,0,0
no-trinkets,builder,6,lost,7375,28,0,26,16,10,4,0,0
no-trinkets,builder,7,lost,2215,17,0,13,8,5,2,0,0
no-trinkets,builder,8,lost,11535,35,0,31,20,11,4,0,0
no-trinkets,builder,9,lost,5156,12,0,16,8,8,4,0,0
no-trinkets,builder,10,lost,11276,25,0,26,16,10,4,0,0
no-trinkets,builder,11,lost,6540,15,0,23,12,11,5,0,0
no-trinkets,builder,12,lost,4214,24,0,19,12,7,3,1,0
no-trinkets,builder,13,lost,1444,16,0,14,8,6,2,0,0
no-trinkets,builder,14,lost,10591,27,0,26,16,10,4,0,0
no-trinkets,builder,15,lost,3739,24,0,19,12,7,4,1,0
no-trinkets,builder,16,lost,3741,21,0,20,12,8,3,0,0
no-trinkets,builder,17,lost,6279,28,0,26,16,10,3,0,0
no-trinkets,builder,18,lost,3769,18,0,21,12,9,2,0,0
no-trinkets,builder,19,lost,9818,27,0,26,16,10,4,0,0
no-trinkets,builder,20,lost,10364,25,0,27,16,11,3,0,0
no-trinkets,builder,21,lost,2026,15,0,15,8,7,3,0,0
no-trinkets,builder,22,lost,21006,27,0,34,20,14,4,0,0
no-trinkets,builder,23,lost,7884,28,0,26,16,10,3,0,0
no-trinkets,builder,24,lost,7865,25,0,27,16,11,3,0,0
no-trinkets,builder,25,lost,8121,23,0,28,16,12,3,0,0
no-trinkets,builder,26,lost,10400,18,0,29,16,13,4,0,0
no-trinkets,builder,27,lost,5254,19,0,21,12,9,3,0,0
no-trinkets,builder,28,lost,2523,13,0,15,8,7,3,0,0
no-trinkets,builder,29,lost,5351,14,0,23,12,11,4,0,0
no-trinkets,builder,30,lost,11177,29,0,25,16,9,7,0,0
no-trinkets,specialist,1,lost,25710,30,0,41,30,11,3,0,0
no-trinkets,specialist,2,lost,23877,23,0,43,30,13,3,0,0
no-trinkets,specialist,3,lost,34385,32,0,49,34,15,3,0,0
no-trinkets,specialist,4,lost,27603,24,0,42,30,12,3,0,0
no-trinkets,specialist,5,lost,28979,28,0,41,30,11,2,0,0
no-trinkets,specialist,6,lost,25232,26,0,42,30,12,3,0,0
no-trinkets,specialist,7,lost,23903,24,0,43,30,13,2,0,0
no-trinkets,specialist,8,lost,25253,28,0,42,30,12,4,0,0
no-trinkets,specialist,9,lost,30417,24,0,43,30,13,4,0,0
no-trinkets,specialist,10,lost,23051,24,0,43,30,13,3,0,0
no-trinkets,specialist,11,lost,26255,24,0,42,30,12,3,0,0
no-trinkets,specialist,12,lost,22931,23,0,44,30,14,3,0,0
no-trinkets,specialist,13,lost,26083,23,0,44,30,14,3,0,0
no-trinkets,specialist,14,lost,24465,21,0,44,30,14,2,0,0
no-trinkets,specialist,15,lost,27949,32,0,40,30,10,2,1,0
no-trinkets,specialist,16,lost,27260,26,0,41,30,11,2,0,0
no-trinkets,specialist,17,lost,24176,24,0,44,30,14,2,0,0
no-trinkets,specialist,18,lost,24787,23,0,45,30,15,4,0,0
no-trinkets,specialist,19,lost,38714,36,0,47,34,13,4,0,0
no-trinkets,specialist,20,lost,25552,23,0,43,30,13,3,0,0
no-trinkets,specialist,21,lost,28405,24,0,43,30,13,3,0,0
no-trinkets,specialist,22,lost,35802,35,0,48,34,14,3,0,0
no-trinkets,specialist,23,lost,34396,37,0,47,34,13,2,0,0
no-trinkets,specialist,24,lost,25244,23,0,44,30,14,3,0,0
no-trinkets,specialist,25,lost,34644,33,0,48,34,14,2,0,0
no-trinkets,specialist,26,lost,35932,33,0,48,34,14,2,0,0
no-trinkets,specialist,27,lost,26188,23,0,43,30,13,3,0,0
no-trinkets,specialist,28,lost,24626,21,0,45,30,15,3,0,0
no-trinkets,specialist,29,lost,35686,36,0,47,34,13,3,0,0
no-trinkets,specialist,30,lost,27862,28,0,42,30,12,2,0,0
boosts-half,greedy,1,won,56305,39,0,54,50,4,4,0,0
boosts-half,greedy,2,won,56994,37,0,54,50,4,3,0,0
boosts-half,greedy,3,lost,44640,40,0,54,50,4,4,0,0
boosts-half,greedy,4,lost,21061,31,0,41,38,3,3,0,0
boosts-half,greedy,5,lost,24455,27,0,41,41,0,2,0,0
boosts-half,greedy,6,lost,21223,33,0,41,41,0,2,0,0
boosts-half,greedy,7,won,51886,35,0,56,46,10,2,0,0
boosts-half,greedy,8,lost,52329,55,0,49,46,3,4,0,0
boosts-half,greedy,9,lost,32373,36,0,47,42,5,4,0,0
boosts-half,greedy,10,lost,56208,46,0,52,50,2,4,0,0
boosts-half,greedy,11,lost,24869,31,0,42,38,4,3,0,0
boosts-half,greedy,12,lost,38343,35,0,48,46,2,3,0,0
boosts-half,greedy,13,lost,35512,40,0,45,41,4,3,0,0
boosts-half,greedy,14,lost,15782,26,0,35,33,2,3,0,0
boosts-half,greedy,15,won,58652,57,0,49,46,3,4,1,0
boosts-half,greedy,16,lost,24109,35,0,40,38,2,4,0,0
boosts-half,greedy,17,lost,53604,43,0,55,46,9,3,0,0
boosts-half,greedy,18,won,56051,36,0,54,50,4,4,0,0
boosts-half,greedy,19,won,54802,46,0,52,46,6,4,0,0
boosts-half,greedy,20,lost,37523,43,0,47,42,5,4,0,0
boosts-half,greedy,21,won,54394,40,0,54,46,8,3,0,0
boosts-half,greedy,22,lost,23743,27,0,43,42,1,3,0,0
boosts-half,greedy,23,lost,44489,42,0,53,50,3,3,0,0
boosts-half,greedy,24,lost,32518,37,0,46,42,4,3,0,0
boosts-half,greedy,25,lost,52431,49,0,51,46,5,2,0,0
boosts-half,greedy,26,lost,34530,40,0,46,42,4,3,0,0
boosts-half,greedy,27,lost,32870,34,0,47,42,5,3,0,0
boosts-half,greedy,28,lost,48719,34,0,57,46,11,3,0,0
boosts-half,greedy,29,lost,24820,33,0,40,38,2,3,0,0
boosts-half,greedy,30,won,56281,35,0,55,50,5,3,0,0
boosts-half,builder,1,lost,963,16,0,6,5,1,3,1,0
boosts-half,builder,2,lost,1024,12,0,7,5,2,3,0,0
boosts-half,builder,3,lost,4213,15,0,23,20,3,3,0,0
boosts-half,builder,4,lost,16667,35,0,32,28,4,4,0,0
boosts-half,builder,5,lost,21032,36,0,39,36,3,4,0,0
boosts-half,builder,6,lost,17543,37,0,31,28,3,6,0,0
boosts-half,builder,7,lost,9579,34,0,23,20,3,5,0,0
boosts-half,builder,8,lost,4440,28,0,18,15,3,4,0,0
boosts-half,builder,9,lost,14628,41,0,31,28,3,6,0,0
boosts-half,builder,10,lost,12792,34,0,32,28,4,3,0,0
boosts-half,builder,11,lost,2614,15,0,15,15,0,3,0,0
boosts-half,builder,12,lost,2072,17,0,13,10,3,3,0,0
boosts-half,builder,13,lost,827,12,0,7,5,2,2,0,0
boosts-half,builder,14,lost,7600,17,0,31,24,7,3,0,0
boosts-half,builder,15,lost,9621,30,0,25,24,1,5,1,0
boosts-half,builder,16,lost,4149,20,0,21,19,2,3,1,0
boosts-half,builder,17,lost,3244,29,0,18,15,3,3,0,0
boosts-half,builder,18,lost,1666,19,0,13,10,3,2,0,0
boosts-half,builder,19,lost,3881,23,0,20,20,0,5,0,0
boosts-half,builder,20,lost,7039,26,0,27,24,3,3,0,0
boosts-half,builder,21,lost,8188,31,0,26,24,2,3,1,0
boosts-half,builder,22,lost,4298,20,0,21,20,1,3,0,0
boosts-half,builder,23,lost,15161,32,0,32,28,4,3,0,0
boosts-half,builder,24,lost,1949,12,0,16,15,1,3,0,0
boosts-half,builder,25,lost,7760,21,0,20,20,0,6,0,0
boosts-half,builder,26,lost,18819,30,0,33,28,5,5,0,0
boosts-half,builder,27,lost,31142,57,0,41,36,5,4,0,0
boosts-half,builder,28,lost,3068,18,0,14,14,0,3,0,0
boosts-half,builder,29,lost,2162,12,0,16,15,1,3,0,0
boosts-half,builder,30,lost,3652,29,0,18,15,3,2,0,0
boosts-half,specialist,1,lost,25542,28,0,41,30,11,3,0,0
boosts-half,specialist,2,lost,23456,23,0,44,30,14,3,0,0
boosts-half,specialist,3,lost,36143,31,0,49,34,15,3,0,0
boosts-half,specialist,4,lost,24519,24,0,43,30,13,3,0,0
boosts-half,specialist,5,lost,26439,25,0,42,30,12,3,0,0
boosts-half,specialist,6,lost,36750,37,0,46,34,12,2,0,0
boosts-half,specialist,7,lost,22389,24,0,43,30,13,2,0,0
boosts-half,specialist,8,lost,27012,25,0,42,30,12,4,0,0
boosts-half,specialist,9,lost,28805,24,0,43,30,13,4,0,0
boosts-half,specialist,10,lost,25054,26,0,42,30,12,3,0,0
boosts-half,specialist,11,lost,24397,21,0,45,30,15,3,0,0
boosts-half,specialist,12,lost,22007,21,0,45,30,15,3,0,0
boosts-half,specialist,13,lost,26530,26,0,42,30,12,2,0,0
boosts-half,specialist,14,lost,32368,34,0,48,34,14,2,0,0
boosts-half,specialist,15,lost,27052,31,0,41,30,11,4,1,0
boosts-half,specialist,16,lost,25378,25,0,43,30,13,2,0,0
boosts-half,specialist,17,lost,35554,36,0,47,34,13,3,0,0
boosts-half,specialist,18,lost,25385,28,0,42,30,12,2,0,0
boosts-half,specialist,19,lost,38463,35,0,47,34,13,4,0,0
boosts-half,specialist,20,lost,36155,35,0,49,34,15,3,0,0
boosts-half,specialist,21,lost,27103,24,0,43,30,13,3,0,0
boosts-half,specialist,22,lost,35904,33,0,49,34,15,3,0,0
boosts-half,specialist,23,lost,26251,23,0,43,30,13,2,0,0
boosts-half,specialist,24,lost,26316,25,0,43,30,13,3,0,0
boosts-half,specialist,25,lost,31761,34,0,49,34,15,2,0,0
boosts-half,specialist,26,lost,37721,34,0,47,34,13,2,0,0
boosts-half,specialist,27,lost,29773,24,0,43,30,13,3,0,0
boosts-half,specialist,28,lost,25494,22,0,45,30,15,3,0,0
boosts-half,specialist,29,lost,35764,35,0,48,34,14,3,0,0
boosts-half,specialist,30,lost,28762,29,0,41,30,11,2,0,0
boosts-double,greedy,1,lost,39054,37,0,48,45,3,3,0,0
boosts-double,greedy,2,won,54099,40,0,54,50,4,3,0,0
boosts-double,greedy,3,won,55574,41,0,53,50,3,3,0,0
boosts-double,greedy,4,lost,37329,38,0,47,46,1,3,0,0
boosts-double,greedy,5,lost,35346,42,0,44,41,3,3,0,0
boosts-double,greedy,6,lost,37215,36,0,48,46,2,3,0,0
boosts-double,greedy,7,won,54013,35,0,55,46,9,2,0,0
boosts-double,greedy,8,lost,52042,48,0,51,46,5,4,0,0
boosts-double,greedy,9,lost,56337,43,0,53,46,7,4,0,0
boosts-double,greedy,10,won,56088,43,0,53,50,3,3,0,0
boosts-double,greedy,11,won,58469,42,0,55,46,9,3,0,0
boosts-double,greedy,12,won,54557,30,0,57,46,11,3,0,0
boosts-double,greedy,13,won,53607,42,0,52,50,2,2,0,0
boosts-double,greedy,14,won,57751,52,0,50,46,4,4,0,0
boosts-double,greedy,15,won,57608,54,0,50,46,4,4,1,0
boosts-double,greedy,16,won,57018,44,0,52,50,2,3,0,0
boosts-double,greedy,17,won,60766,39,0,55,46,9,3,0,0
boosts-double,greedy,18,won,72513,34,0,55,50,5,4,0,0
boosts-double,greedy,19,won,55543,45,0,52,46,6,4,0,0
boosts-double,greedy,20,won,58924,40,0,55,46,9,4,0,0
boosts-double,greedy,21,won,53559,33,0,55,46,9,3,0,0
boosts-double,greedy,22,lost,50406,47,0,53,50,3,3,0,0
boosts-double,greedy,23,lost,51950,45,0,52,50,2,2,0,0
boosts-double,greedy,24,lost,35755,37,0,46,42,4,3,0,0
boosts-double,greedy,25,lost,50521,47,0,53,46,7,2,0,0
boosts-double,greedy,26,lost,42697,46,0,52,46,6,3,0,0
boosts-double,greedy,27,lost,34487,37,0,46,46,0,3,0,0
boosts-double,greedy,28,won,55486,32,0,56,46,10,3,0,0
boosts-double,greedy,29,won,64336,38,0,55,50,5,3,0,0
boosts-double,greedy,30,won,63703,32,0,57,50,7,2,0,0
boosts-double,builder,1,lost,1985,24,0,11,10,1,3,0,0
boosts-double,builder,2,lost,24425,38,0,39,32,7,5,0,0
boosts-double,builder,3,lost,22098,40,0,39,32,7,3,0,0
boosts-double,builder,4,lost,48865,37,0,47,36,11,5,0,0
boosts-double,builder,5,won,51860,36,0,53,44,9,3,0,0
boosts-double,builder,6,lost,34912,41,0,45,36,9,4,0,0
boosts-double,builder,7,lost,2321,17,0,13,10,3,3,0,0
boosts-double,builder,8,lost,24636,42,0,38,32,6,4,0,0
boosts-double,builder,9,lost,27898,33,0,41,32,9,4,0,0
boosts-double,builder,10,lost,38354,39,0,46,40,6,3,0,0
boosts-double,builder,11,lost,13742,22,0,36,28,8,4,0,0
boosts-double,builder,12,won,80492,40,0,53,40,13,5,0,0
boosts-double,builder,13,lost,1292,22,0,12,10,2,2,0,0
boosts-double,builder,14,lost,4306,16,0,23,20,3,3,0,0
boosts-double,builder,15,lost,13323,35,0,31,28,3,5,1,0
boosts-double,builder,16,lost,41528,51,0,44,36,8,4,1,0
boosts-double,builder,17,lost,37205,47,0,43,36,7,5,0,0
boosts-double,builder,18,lost,32491,29,0,42,36,6,4,0,0
boosts-double,builder,19,lost,8059,27,0,27,24,3,4,0,0
boosts-double,builder,20,lost,5323,22,0,20,20,0,3,0,0
boosts-double,builder,21,lost,13847,35,0,32,28,4,3,1,0
boosts-double,builder,22,lost,37705,47,0,44,40,4,3,0,0
boosts-double,builder,23,lost,27274,43,0,36,32,4,3,0,0
boosts-double,builder,24,lost,2426,12,0,16,15,1,3,0,0
boosts-double,builder,25,lost,38678,49,0,43,36,7,6,0,0
boosts-double,builder,26,lost,15932,26,0,34,32,2,3,0,0
boosts-double,builder,27,lost,5728,18,0,21,20,1,3,0,0
boosts-double,builder,28,lost,5963,24,0,20,19,1,3,0,0
boosts-double,builder,29,lost,14326,33,0,33,28,5,3,0,0
boosts-double,builder,30,lost,25841,36,0,39,32,7,4,0,0
boosts-double,specialist,1,lost,25542,28,0,41,30,11,3,0,0
boosts-double,specialist,2,lost,23456,23,0,44,30,14,3,0,0
boosts-double,specialist,3,lost,36143,31,0,49,34,15,3,0,0
boosts-double,specialist,4,lost,24519,24,0,43,30,13,3,0,0
boosts-double,specialist,5,lost,26439,25,0,42,30,12,3,0,0
boosts-double,specialist,6,lost,36750,37,0,46,34,12,2,0,0
boosts-double,specialist,7,lost,22389,24,0,43,30,13,2,0,0
boosts-double,specialist,8,lost,27012,25,0,42,30,12,4,0,0
boosts-double,specialist,9,lost,28805,24,0,43,30,13,4,0,0
boosts-double,specialist,10,lost,25054,26,0,42,30,12,3,0,0
boosts-double,specialist,11,lost,24397,21,0,45,30,15,3,0,0
boosts-double,specialist,12,lost,22007,21,0,45,30,15,3,0,0
boosts-double,specialist,13,lost,26530,26,0,42,30,12,2,0,0
boosts-double,specialist,14,lost,32368,34,0,48,34,14,2,0,0
boosts-double,specialist,15,lost,27052,31,0,41,30,11,4,1,0
boosts-double,specialist,16,lost,25378,25,0,43,30,13,2,0,0
boosts-double,specialist,17,lost,35554,36,0,47,34,13,3,0,0
boosts-double,specialist,18,lost,25385,28,0,42,30,12,2,0,0
boosts-double,specialist,19,lost,38490,35,0,47,34,13,4,0,0
boosts-double,specialist,20,lost,36155,35,0,49,34,15,3,0,0
boosts-double,specialist,21,lost,27103,24,0,43,30,13,3,0,0
boosts-double,specialist,22,lost,35904,33,0,49,34,15,3,0,0
boosts-double,specialist,23,lost,26251,23,0,43,30,13,2,0,0
boosts-double,specialist,24,lost,26316,25,0,43,30,13,3,0,0
boosts-double,specialist,25,lost,31761,34,0,49,34,15,2,0,0
boosts-double,specialist,26,lost,37721,34,0,47,34,13,2,0,0
boosts-double,specialist,27,lost,29773,24,0,43,30,13,3,0,0
boosts-double,specialist,28,lost,25494,22,0,45,30,15,3,0,0
boosts-double,specialist,29,lost,35826,35,0,48,34,14,3,0,0
boosts-double,specialist,30,lost,28762,29,0,41,30,11,2,0,0
trinket-cost-3,greedy,1,lost,36221,41,0,45,38,7,3,0,0
trinket-cost-3,greedy,2,lost,54159,40,0,53,42,11,3,0,0
trinket-cost-3,greedy,3,lost,37787,40,0,46,38,8,3,0,0
trinket-cost-3,greedy,4,lost,25267,29,0,42,34,8,3,0,0
trinket-cost-3,greedy,5,lost,32812,43,0,45,38,7,4,0,0
trinket-cost-3,greedy,6,lost,47675,53,0,49,42,7,2,0,0
trinket-cost-3,greedy,7,won,59437,34,0,56,42,14,3,0,0
trinket-cost-3,greedy,8,lost,26455,33,0,41,34,7,4,0,0
trinket-cost-3,greedy,9,lost,35279,36,0,47,38,9,4,0,0
trinket-cost-3,greedy,10,lost,27564,33,0,41,34,7,3,0,0
trinket-cost-3,greedy,11,lost,25665,28,0,43,34,9,3,0,0
trinket-cost-3,greedy,12,won,52948,32,0,57,42,15,3,0,0
trinket-cost-3,greedy,13,lost,31225,35,0,47,38,9,3,0,0
trinket-cost-3,greedy,14,lost,16316,26,0,35,30,5,3,0,0
trinket-cost-3,greedy,15,won,54101,45,0,52,42,10,4,1,0
trinket-cost-3,greedy,16,lost,34521,35,0,47,38,9,3,0,0
trinket-cost-3,greedy,17,lost,52794,40,0,56,42,14,3,0,0
trinket-cost-3,greedy,18,lost,37569,35,0,47,38,9,3,0,0
trinket-cost-3,greedy,19,lost,38590,32,0,48,38,10,4,0,0
trinket-cost-3,greedy,20,lost,25970,29,0,43,34,9,4,0,0
trinket-cost-3,greedy,21,lost,35589,32,0,49,38,11,3,0,0
trinket-cost-3,greedy,22,lost,25984,27,0,43,34,9,3,0,0
trinket-cost-3,greedy,23,lost,48089,44,0,52,42,10,3,0,0
trinket-cost-3,greedy,24,lost,49063,47,0,51,42,9,3,0,0
trinket-cost-3,greedy,25,won,55654,46,0,53,42,11,2,0,0
trinket-cost-3,greedy,26,lost,23220,33,0,40,34,6,3,0,0
trinket-cost-3,greedy,27,lost,49732,50,0,50,42,8,3,0,0
trinket-cost-3,greedy,28,won,54357,31,0,57,42,15,3,0,0
trinket-cost-3,greedy,29,lost,30334,36,0,39,34,5,4,0,0
trinket-cost-3,greedy,30,lost,36471,34,0,47,38,9,2,0,0
trinket-cost-3,builder,1,lost,989,16,0,6,6,0,3,1,0
trinket-cost-3,builder,2,lost,4354,25,0,19,16,3,3,0,0
trinket-cost-3,builder,3,lost,5558,18,0,22,16,6,5,0,0
trinket-cost-3,builder,4,lost,16303,33,0,33,24,9,4,0,0
trinket-cost-3,builder,5,lost,15280,24,0,35,24,11,5,0,0
trinket-cost-3,builder,6,lost,38006,53,0,42,32,10,6,0,0
trinket-cost-3,builder,7,lost,2158,17,0,13,12,1,2,0,0
trinket-cost-3,builder,8,lost,9421,34,0,24,20,4,4,0,0
trinket-cost-3,builder,9,lost,16783,21,0,37,28,9,4,0,0
trinket-cost-3,builder,10,lost,17534,28,0,34,24,10,3,0,0
trinket-cost-3,builder,11,lost,2731,15,0,15,12,3,3,0,0
trinket-cost-3,builder,12,lost,25200,40,0,38,28,10,3,0,0
trinket-cost-3,builder,13,lost,4471,28,0,18,16,2,3,0,0
trinket-cost-3,builder,14,lost,2086,12,0,16,16,0,3,0,0
trinket-cost-3,builder,15,lost,15560,35,0,31,24,7,5,1,0
trinket-cost-3,builder,16,lost,18558,33,0,32,24,8,5,0,0
trinket-cost-3,builder,17,lost,22421,44,0,37,28,9,5,0,0
trinket-cost-3,builder,18,lost,4100,25,0,19,16,3,2,1,0
trinket-cost-3,builder,19,lost,4516,23,0,19,16,3,4,0,0
trinket-cost-3,builder,20,lost,9740,25,0,27,20,7,3,0,0
trinket-cost-3,builder,21,lost,7773,28,0,27,20,7,3,0,0
trinket-cost-3,builder,22,lost,27777,44,0,46,32,14,3,0,0
trinket-cost-3,builder,23,lost,5354,18,0,21,16,5,2,0,0
trinket-cost-3,builder,24,lost,4655,15,0,23,20,3,3,0,0
trinket-cost-3,builder,25,lost,10428,18,0,21,16,5,6,0,0
trinket-cost-3,builder,26,lost,8278,17,0,29,20,9,3,0,0
trinket-cost-3,builder,27,lost,15728,28,0,34,24,10,4,0,0
trinket-cost-3,builder,28,lost,2061,18,0,14,12,2,3,0,0
trinket-cost-3,builder,29,lost,6582,19,0,30,24,6,3,0,0
trinket-cost-3,builder,30,lost,8061,35,0,24,20,4,2,0,0
trinket-cost-3,specialist,1,lost,25542,28,0,41,30,11,3,0,0
trinket-cost-3,specialist,2,lost,23456,23,0,44,30,14,3,0,0
trinket-cost-3,specialist,3,lost,36143,31,0,49,34,15,3,0,0
trinket-cost-3,specialist,4,lost,24519,24,0,43,30,13,3,0,0
trinket-cost-3,specialist,5,lost,26439,25,0,42,30,12,3,0,0
trinket-cost-3,specialist,6,lost,36750,37,0,46,34,12,2,0,0
trinket-cost-3,specialist,7,lost,22389,24,0,43,30,13,2,0,0
trinket-cost-3,specialist,8,lost,27012,25,0,42,30,12,4,0,0
trinket-cost-3,specialist,9,lost,28805,24,0,43,30,13,4,0,0
trinket-cost-3,specialist,10,lost,25054,26,0,42,30,12,3,0,0
trinket-cost-3,specialist,11,lost,24397,21,0,45,30,15,3,0,0
trinket-cost-3,specialist,12,lost,22007,21,0,45,30,15,3,0,0
trinket-cost-3,specialist,13,lost,26530,26,0,42,30,12,2,0,0
trinket-cost-3,specialist,14,lost,32368,34,0,48,34,14,2,0,0
trinket-cost-3,specialist,15,lost,27052,31,0,41,30,11,4,1,0
trinket-cost-3,specialist,16,lost,25378,25,0,43,30,13,2,0,0
trinket-cost-3,specialist,17,lost,35554,36,0,47,34,13,3,0,0
trinket-cost-3,specialist,18,lost,25385,28,0,42,30,12,2,0,0
trinket-cost-3,specialist,19,lost,38463,35,0,47,34,13,4,0,0
trinket-cost-3,specialist,20,lost,36155,35,0,49,34,15,3,0,0
trinket-cost-3,specialist,21,lost,27103,24,0,43,30,13,3,0,0
trinket-cost-3,specialist,22,lost,35904,33,0,49,34,15,3,0,0
trinket-cost-3,specialist,23,lost,26251,23,0,43,30,13,2,0,0
trinket-cost-3,specialist,24,lost,26316,25,0,43,30,13,3,0,0
trinket-cost-3,specialist,25,lost,31761,34,0,49,34,15,2,0,0
trinket-cost-3,specialist,26,lost,37721,34,0,47,34,13,2,0,0
trinket-cost-3,specialist,27,lost,29773,24,0,43,30,13,3,0,0
trinket-cost-3,specialist,28,lost,25494,22,0,45,30,15,3,0,0
trinket-cost-3,specialist,29,lost,35764,35,0,48,34,14,3,0,0
trinket-cost-3,specialist,30,lost,28762,29,0,41,30,11,2,0,0
special-cap-50,greedy,1,won,56051,40,0,53,50,3,4,0,0
special-cap-50,greedy,2,lost,54349,40,0,53,50,3,3,0,0
special-cap-50,greedy,3,lost,50195,41,0,53,50,3,3,0,0
special-cap-50,greedy,4,lost,21061,31,0,41,38,3,3,0,0
special-cap-50,greedy,5,lost,25075,27,0,41,41,0,2,0,0
special-cap-50,greedy,6,lost,23049,32,0,41,41,0,2,0,0
special-cap-50,greedy,7,lost,51787,39,0,55,46,9,2,0,0
special-cap-50,greedy,8,lost,53718,55,0,49,46,3,4,0,0
special-cap-50,greedy,9,lost,32400,35,0,47,42,5,4,0,0
special-cap-50,greedy,10,won,58429,46,0,52,50,2,4,0,0
special-cap-50,greedy,11,lost,25945,31,0,42,38,4,3,0,0
special-cap-50,greedy,12,lost,52479,37,0,55,46,9,3,0,0
special-cap-50,greedy,13,lost,38731,40,0,45,41,4,3,0,0
special-cap-50,greedy,14,lost,15860,26,0,35,33,2,3,0,0
special-cap-50,greedy,15,lost,38401,48,0,44,42,2,4,1,0
special-cap-50,greedy,16,lost,25081,35,0,40,38,2,4,0,0
special-cap-50,greedy,17,won,56143,44,0,55,46,9,3,0,0
special-cap-50,greedy,18,lost,38023,32,0,48,46,2,3,0,0
special-cap-50,greedy,19,lost,38717,39,0,47,42,5,4,0,0
special-cap-50,greedy,20,lost,45110,53,0,52,46,6,4,0,0
special-cap-50,greedy,21,won,56246,40,0,54,46,8,3,0,0
special-cap-50,greedy,22,lost,23743,27,0,43,42,1,3,0,0
special-cap-50,greedy,23,lost,46932,42,0,53,50,3,3,0,0
special-cap-50,greedy,24,lost,35469,36,0,47,42,5,3,0,0
special-cap-50,greedy,25,won,52393,47,0,52,46,6,2,0,0
special-cap-50,greedy,26,lost,34584,39,0,46,42,4,3,0,0
special-cap-50,greedy,27,lost,35555,36,0,46,42,4,3,0,0
special-cap-50,greedy,28,lost,49185,34,0,57,46,11,3,0,0
special-cap-50,greedy,29,lost,37180,43,0,45,42,3,3,0,0
special-cap-50,greedy,30,lost,40741,31,0,49,46,3,2,0,0
special-cap-50,builder,1,lost,989,16,0,6,5,1,3,1,0
special-cap-50,builder,2,lost,13799,33,0,32,28,4,4,0,0
special-cap-50,builder,3,lost,12596,25,0,36,28,8,4,0,0
special-cap-50,builder,4,lost,14862,38,0,32,28,4,4,0,0
special-cap-50,builder,5,lost,7490,25,0,26,24,2,3,0,0
special-cap-50,builder,6,lost,19837,38,0,31,28,3,6,0,0
special-cap-50,builder,7,lost,5866,22,0,19,19,0,5,0,0
special-cap-50,builder,8,lost,4989,30,0,18,15,3,4,0,0
special-cap-50,builder,9,lost,14586,35,0,33,28,5,4,0,0
special-cap-50,builder,10,lost,5287,20,0,20,19,1,3,0,0
special-cap-50,builder,11,lost,2731,15,0,15,15,0,3,0,0
special-cap-50,builder,12,lost,2236,17,0,13,10,3,3,0,0
special-cap-50,builder,13,lost,827,12,0,7,5,2,2,0,0
special-cap-50,builder,14,lost,9067,17,0,31,24,7,3,0,0
special-cap-50,builder,15,lost,8957,30,0,25,24,1,5,1,0
special-cap-50,builder,16,lost,8321,29,0,26,24,2,3,0,0
special-cap-50,builder,17,lost,10558,30,0,25,24,1,5,0,0
special-cap-50,builder,18,lost,1722,19,0,13,10,3,2,0,0
special-cap-50,builder,19,lost,9852,25,0,27,24,3,4,0,0
special-cap-50,builder,20,lost,5698,17,0,22,20,2,3,0,0
special-cap-50,builder,21,lost,8136,29,0,26,24,2,3,1,0
special-cap-50,builder,22,lost,9188,22,0,28,24,4,3,0,0
special-cap-50,builder,23,lost,13061,29,0,25,24,1,4,0,0
special-cap-50,builder,24,lost,2092,12,0,16,15,1,3,0,0
special-cap-50,builder,25,lost,18508,36,0,31,28,3,6,0,0
special-cap-50,builder,26,lost,24781,36,0,39,32,7,6,0,0
special-cap-50,builder,27,lost,8800,25,0,27,24,3,3,0,0
special-cap-50,builder,28,lost,7667,32,0,26,24,2,4,0,0
special-cap-50,builder,29,lost,12164,38,0,32,28,4,3,0,0
special-cap-50,builder,30,lost,3898,29,0,18,15,3,2,0,0
special-cap-50,specialist,1,won,53938,32,0,55,35,20,3,0,0
special-cap-50,specialist,2,won,57040,31,0,56,35,21,3,0,0
special-cap-50,specialist,3,won,56227,28,0,56,35,21,3,0,0
special-cap-50,specialist,4,lost,54663,36,0,55,35,20,3,0,0
special-cap-50,specialist,5,won,55130,36,0,54,35,19,3,0,0
special-cap-50,specialist,6,won,55633,32,0,55,35,20,2,0,0
special-cap-50,specialist,7,won,55758,27,0,57,35,22,2,0,0
special-cap-50,specialist,8,won,57700,31,0,55,35,20,4,0,0
special-cap-50,specialist,9,won,55829,31,0,57,35,22,4,0,0
special-cap-50,specialist,10,won,55983,34,0,55,35,20,3,0,0
special-cap-50,specialist,11,won,57304,32,0,57,35,22,3,0,0
special-cap-50,specialist,12,won,55845,27,0,58,35,23,3,0,0
special-cap-50,specialist,13,won,58994,34,0,54,35,19,2,0,0
special-cap-50,specialist,14,won,55396,29,0,56,35,21,2,0,0
special-cap-50,specialist,15,won,61077,36,0,54,35,19,4,1,0
special-cap-50,specialist,16,won,56434,32,0,56,35,21,2,0,0
special-cap-50,specialist,17,won,59325,34,0,56,35,21,3,0,0
special-cap-50,specialist,18,won,56918,34,0,56,35,21,3,0,0
special-cap-50,specialist,19,won,58120,32,0,55,35,20,4,0,0
special-cap-50,specialist,20,lost,56156,37,0,56,35,21,3,0,0
special-cap-50,specialist,21,won,56579,31,0,56,35,21,3,0,0
special-cap-50,specialist,22,won,57479,33,0,56,35,21,3,0,0
special-cap-50,specialist,23,won,55923,29,0,57,35,22,2,0,0
special-cap-50,specialist,24,won,57480,29,0,57,35,22,3,0,0
special-cap-50,specialist,25,won,56833,35,0,57,35,22,2,0,0
special-cap-50,specialist,26,lost,52592,40,0,53,35,18,2,0,0
special-cap-50,specialist,27,won,58388,36,0,55,35,20,3,0,0
special-cap-50,specialist,28,won,57760,28,0,58,35,23,3,0,0
special-cap-50,specialist,29,won,57318,32,0,57,35,22,3,0,0
special-cap-50,specialist,30,lost,56724,45,0,51,35,16,2,0,0
