scenario,policy,seed,status,totalScore,swaps,taps,rerolls,coinsEarned,coinsSpent,coinsEnding,bestWaveCount,shuffles,cappedResolutions
baseline,random,1,lost,825,7,8,0,1,0,1,4,0,0
baseline,random,2,lost,648,6,8,0,2,0,2,3,0,0
baseline,random,3,lost,713,8,9,0,2,0,2,3,0,0
baseline,random,4,lost,1382,12,11,0,5,0,5,4,0,0
baseline,random,5,lost,228,9,1,0,1,0,1,3,0,0
baseline,random,6,lost,691,15,4,0,3,0,3,3,0,0
baseline,random,7,lost,1034,14,8,0,7,0,7,3,0,0
baseline,random,8,lost,1230,5,14,0,6,0,6,4,0,0
baseline,random,9,lost,646,12,5,0,1,0,1,2,0,0
baseline,random,10,lost,243,7,3,0,1,0,1,2,0,0
baseline,random,11,lost,537,7,7,0,5,0,5,2,0,0
baseline,random,12,lost,1207,14,14,0,5,0,5,4,0,0
baseline,random,13,lost,1268,9,16,0,5,0,5,3,0,0
baseline,random,14,lost,642,5,11,0,3,0,3,2,0,0
baseline,random,15,won,1471,6,17,0,8,0,8,4,0,0
baseline,random,16,won,1405,8,13,0,3,0,3,3,0,0
baseline,random,17,lost,525,11,5,0,1,0,1,3,0,0
baseline,random,18,lost,1368,16,12,0,2,0,2,4,0,0
baseline,random,19,lost,1077,13,13,0,4,0,4,4,0,0
baseline,random,20,lost,516,7,8,0,2,0,2,2,0,0
baseline,random,21,lost,584,7,8,0,2,0,2,2,0,0
baseline,random,22,lost,201,6,4,0,2,0,2,2,0,0
baseline,random,23,lost,1002,16,10,0,2,0,2,2,0,0
baseline,random,24,lost,201,8,2,0,0,0,0,1,0,0
baseline,random,25,won,1369,9,15,0,9,0,9,3,0,0
baseline,random,26,lost,648,8,8,0,2,0,2,4,0,0
baseline,random,27,lost,229,6,4,0,0,0,0,2,0,0
baseline,random,28,lost,1198,17,10,0,4,0,4,3,0,0
baseline,random,29,lost,1082,12,10,0,6,0,6,4,0,0
baseline,random,30,lost,614,13,5,0,1,0,1,2,1,0
baseline,random,31,lost,1367,14,9,0,2,0,2,3,0,0
baseline,random,32,lost,1035,7,14,0,7,0,7,2,0,0
baseline,random,33,lost,1281,12,14,0,6,0,6,4,0,0
baseline,random,34,lost,1035,11,14,0,4,0,4,3,0,0
baseline,random,35,lost,626,9,5,0,1,0,1,2,0,0
baseline,random,36,lost,1098,10,11,0,4,0,4,3,0,0
baseline,random,37,lost,1308,5,12,0,5,0,5,3,0,0
baseline,random,38,lost,1166,14,13,0,4,0,4,3,0,0
baseline,random,39,lost,1264,12,12,0,6,0,6,5,0,0
baseline,random,40,lost,1382,9,13,0,3,0,3,3,0,0
baseline,greedy,1,lost,1354,9,12,0,3,0,3,2,0,0
baseline,greedy,2,won,1456,4,13,0,6,0,6,3,0,0
baseline,greedy,3,won,1447,3,16,0,2,0,2,3,0,0
baseline,greedy,4,won,1410,1,18,0,5,0,5,3,0,0
baseline,greedy,5,won,1323,2,18,0,10,0,10,4,0,0
baseline,greedy,6,won,1377,8,13,0,9,0,9,3,0,0
baseline,greedy,7,won,1486,2,14,0,4,0,4,3,0,0
baseline,greedy,8,won,1562,1,12,0,7,0,7,3,0,0
baseline,greedy,9,lost,1360,10,12,0,2,0,2,3,0,0
baseline,greedy,10,won,1457,10,15,0,2,0,2,3,0,0
baseline,greedy,11,lost,1249,6,13,0,6,0,6,3,0,0
baseline,greedy,12,lost,1153,5,11,0,8,0,8,4,0,0
baseline,greedy,13,lost,1325,5,18,0,4,0,4,2,0,0
baseline,greedy,14,lost,1187,9,13,0,8,0,8,4,0,0
baseline,greedy,15,lost,1263,4,18,0,10,0,10,2,0,0
baseline,greedy,16,won,1429,3,13,0,3,0,3,4,0,0
baseline,greedy,17,lost,1384,3,18,0,5,0,5,3,0,0
baseline,greedy,18,lost,1172,6,14,0,3,0,3,3,0,0
baseline,greedy,19,won,1354,6,16,0,5,0,5,4,0,0
baseline,greedy,20,lost,1325,3,13,0,5,0,5,4,0,0
baseline,greedy,21,won,1326,5,14,0,3,0,3,4,0,0
baseline,greedy,22,won,1412,3,15,0,5,0,5,4,0,0
baseline,greedy,23,lost,1313,5,14,0,4,0,4,5,0,0
baseline,greedy,24,won,1633,5,15,0,3,0,3,5,0,0
baseline,greedy,25,won,1387,0,16,0,8,0,8,4,0,0
baseline,greedy,26,lost,1152,3,17,0,3,0,3,3,0,0
baseline,greedy,27,lost,1102,10,14,0,3,0,3,4,0,0
baseline,greedy,28,won,1370,2,12,0,6,0,6,5,0,0
baseline,greedy,29,lost,1354,8,14,0,9,0,9,3,0,0
baseline,greedy,30,lost,1181,4,14,0,5,0,5,3,0,0
baseline,greedy,31,won,1409,10,12,0,3,0,3,4,1,0
baseline,greedy,32,lost,1171,1,15,0,5,0,5,4,0,0
baseline,greedy,33,lost,1214,4,13,0,7,0,7,3,0,0
baseline,greedy,34,lost,651,5,10,0,3,0,3,3,0,0
baseline,greedy,35,lost,1301,9,13,0,5,0,5,3,0,0
baseline,greedy,36,won,1387,3,15,0,4,0,4,3,0,0
baseline,greedy,37,won,1495,1,13,0,4,0,4,3,0,0
baseline,greedy,38,won,1494,2,13,0,3,0,3,3,0,0
baseline,greedy,39,won,1403,0,16,0,6,0,6,4,0,0
baseline,greedy,40,lost,1196,7,13,0,3,0,3,3,0,0
baseline,spender,1,lost,1354,9,12,0,3,0,3,2,0,0
baseline,spender,2,won,1484,3,11,1,4,3,1,3,0,0
baseline,spender,3,won,1447,3,16,0,2,0,2,3,0,0
baseline,spender,4,lost,1241,5,16,1,5,3,2,3,0,0
baseline,spender,5,won,1345,2,17,2,6,6,0,4,0,0
baseline,spender,6,lost,1249,7,14,2,7,6,1,4,0,0
baseline,spender,7,lost,1283,3,15,2,7,6,1,3,0,0
baseline,spender,8,won,1498,1,12,3,9,9,0,3,0,0
baseline,spender,9,lost,1360,10,12,0,2,0,2,3,0,0
baseline,spender,10,won,1457,10,15,0,2,0,2,3,0,0
baseline,spender,11,lost,1338,5,16,2,9,6,3,4,0,0
baseline,spender,12,won,1319,5,13,3,9,9,0,3,0,0
baseline,spender,13,lost,1331,4,19,2,6,6,0,3,0,0
baseline,spender,14,lost,640,3,11,1,5,3,2,2,0,0
baseline,spender,15,lost,1100,7,14,2,8,6,2,2,0,0
baseline,spender,16,won,1388,3,13,1,3,3,0,4,0,0
baseline,spender,17,lost,1390,4,17,1,4,3,1,3,0,0
baseline,spender,18,lost,1127,7,13,1,3,3,0,3,0,0
baseline,spender,19,lost,1323,5,16,1,5,3,2,3,0,0
baseline,spender,20,lost,1350,3,13,1,5,3,2,4,0,0
baseline,spender,21,won,1326,5,14,1,3,3,0,4,0,0
baseline,spender,22,won,1592,4,14,2,8,6,2,4,0,0
baseline,spender,23,lost,1338,6,13,1,3,3,0,5,0,0
baseline,spender,24,won,1633,5,15,0,3,0,3,5,0,0
baseline,spender,25,won,1381,0,15,3,9,9,0,3,0,0
baseline,spender,26,lost,1274,3,17,1,3,3,0,3,0,0
baseline,spender,27,lost,1088,9,15,1,4,3,1,4,0,0
baseline,spender,28,won,1471,2,11,1,5,3,2,3,0,0
baseline,spender,29,lost,1106,6,17,3,10,9,1,2,0,0
baseline,spender,30,won,1399,3,14,1,5,3,2,3,0,0
baseline,spender,31,lost,1302,8,14,1,4,3,1,3,0,0
baseline,spender,32,won,1341,0,16,2,9,6,3,4,0,0
baseline,spender,33,won,1564,2,9,2,7,6,1,3,0,0
baseline,spender,34,lost,1213,5,20,1,5,3,2,3,0,0
baseline,spender,35,lost,1283,9,13,1,4,3,1,3,0,0
baseline,spender,36,won,1389,1,16,2,9,6,3,3,0,0
baseline,spender,37,lost,1365,2,15,2,8,6,2,3,0,0
baseline,spender,38,lost,1287,4,13,1,3,3,0,3,0,0
baseline,spender,39,won,1411,0,17,2,6,6,0,3,0,0
baseline,spender,40,lost,1292,8,12,1,3,3,0,3,0,0
baseline,rollout,1,lost,1348,5,15,1,3,3,0,3,0,0
baseline,rollout,2,won,1513,1,11,1,4,3,1,3,0,0
baseline,rollout,3,won,1533,4,16,1,3,3,0,5,0,0
baseline,rollout,4,won,1419,2,11,0,3,0,3,4,0,0
baseline,rollout,5,won,1390,5,11,0,5,0,5,3,0,0
baseline,rollout,6,won,1399,6,12,2,8,6,2,5,0,0
baseline,rollout,7,lost,1229,10,12,0,2,0,2,3,0,0
baseline,rollout,8,won,1476,1,13,2,10,6,4,3,0,0
baseline,rollout,9,won,1548,9,10,1,4,3,1,4,0,0
baseline,rollout,10,won,1340,8,13,0,2,0,2,3,0,0
baseline,rollout,11,won,1438,1,12,3,9,9,0,3,0,0
baseline,rollout,12,lost,1179,11,13,3,9,9,0,2,0,0
baseline,rollout,13,won,1317,6,13,0,2,0,2,3,0,0
baseline,rollout,14,won,1759,4,14,2,8,6,2,5,0,0
baseline,rollout,15,lost,1384,3,16,2,6,6,0,3,0,0
baseline,rollout,16,won,1465,2,11,1,3,3,0,4,0,0
baseline,rollout,17,lost,1234,7,18,2,7,6,1,3,1,0
baseline,rollout,18,won,1348,2,12,1,3,3,0,3,0,0
baseline,rollout,19,lost,1130,8,12,1,3,3,0,3,0,0
baseline,rollout,20,won,1397,4,13,1,3,3,0,3,0,0
baseline,rollout,21,lost,642,6,7,0,2,0,2,2,0,0
baseline,rollout,22,lost,1245,11,10,1,5,3,2,6,0,0
baseline,rollout,23,won,1371,5,15,1,6,3,3,3,0,0
baseline,rollout,24,won,1365,6,10,1,5,3,2,4,0,0
baseline,rollout,25,won,1328,7,13,2,7,6,1,4,0,0
baseline,rollout,26,won,1415,5,15,1,4,3,1,3,0,0
baseline,rollout,27,lost,1272,11,15,0,1,0,1,4,0,0
baseline,rollout,28,lost,1320,8,13,1,4,3,1,3,0,0
baseline,rollout,29,lost,1338,8,13,2,7,6,1,3,0,0
baseline,rollout,30,lost,1245,4,14,0,2,0,2,3,0,0
baseline,rollout,31,lost,1131,11,13,1,3,3,0,3,0,0
baseline,rollout,32,won,1568,6,10,0,5,0,5,4,0,0
baseline,rollout,33,lost,1303,7,10,2,7,6,1,3,0,0
baseline,rollout,34,won,1398,7,15,1,6,3,3,4,0,0
baseline,rollout,35,lost,1208,5,12,0,2,0,2,3,0,0
baseline,rollout,36,lost,1341,5,12,2,8,6,2,3,0,0
baseline,rollout,37,won,1405,5,12,1,7,3,4,3,0,0
baseline,rollout,38,won,1345,4,14,0,2,0,2,3,0,0
baseline,rollout,39,won,1370,8,12,1,5,3,2,2,0,0
baseline,rollout,40,won,1365,6,11,1,4,3,1,4,0,0
